quarter,period_end,code,name,category,amount,pdf_page,proposed_reference
1,2025-03-31,052100100100,Ministry of Health,capital,200687195.11,28,KSBIR25-Q1-052100100100-CAP
1,2025-03-31,052100100100,Ministry of Health,overhead,481478896.49,25,KSBIR25-Q1-052100100100-OVE
1,2025-03-31,052100100100,Ministry of Health,personnel,408046171.38,21,KSBIR25-Q1-052100100100-PER
1,2025-03-31,052100300100,H.M.B. ( HQ and Zones),personnel,5983782195.65,21,KSBIR25-Q1-052100300100-PER
1,2025-03-31,052100300200,Muhammadu Abdullahi Wase Specialist Hospital (Zone 7 MAWSH),capital,43825000.00,28,KSBIR25-Q1-052100300200-CAP
1,2025-03-31,052100400200,School of Nursing Kano,overhead,500000.00,25,KSBIR25-Q1-052100400200-OVE
1,2025-03-31,052100400500,School of Post Basic Mid Wifery Gezawa,overhead,200000.00,25,KSBIR25-Q1-052100400500-OVE
1,2025-03-31,052100400700,School of Post Basic Anesthesia,overhead,200000.00,25,KSBIR25-Q1-052100400700-OVE
1,2025-03-31,052100400800,School of Basic Mid Wifery Gwarzo,overhead,200000.00,25,KSBIR25-Q1-052100400800-OVE
1,2025-03-31,052100500100,Primary Health Care Mgt. Board (PHCMB),capital,72452493.72,28,KSBIR25-Q1-052100500100-CAP
1,2025-03-31,052100500100,Primary Health Care Mgt. Board (PHCMB),personnel,99120135.29,21,KSBIR25-Q1-052100500100-PER
2,2025-06-30,052100100100,Ministry of Health,capital,2106083801.64,30,KSBIR25-Q2-052100100100-CAP
2,2025-06-30,052100100100,Ministry of Health,overhead,266180910.00,27,KSBIR25-Q2-052100100100-OVE
2,2025-06-30,052100100100,Ministry of Health,personnel,398598012.21,23,KSBIR25-Q2-052100100100-PER
2,2025-06-30,052100300100,H.M.B. ( HQ and Zones),capital,608019886.00,30,KSBIR25-Q2-052100300100-CAP
2,2025-06-30,052100300100,H.M.B. ( HQ and Zones),overhead,3000000.00,27,KSBIR25-Q2-052100300100-OVE
2,2025-06-30,052100300100,H.M.B. ( HQ and Zones),personnel,5966285019.75,23,KSBIR25-Q2-052100300100-PER
2,2025-06-30,052100400100,College of Nursing & Mid-Wifery Board,overhead,2500000.00,27,KSBIR25-Q2-052100400100-OVE
2,2025-06-30,052100400200,School of Nursing Kano,overhead,1500000.00,27,KSBIR25-Q2-052100400200-OVE
2,2025-06-30,052100400300,School of Basic Mid Wifery Kano,overhead,1500000.00,27,KSBIR25-Q2-052100400300-OVE
2,2025-06-30,052100400400,School of Basic Mid Wifery Dambatta,overhead,1500000.00,27,KSBIR25-Q2-052100400400-OVE
2,2025-06-30,052100400500,School of Post Basic Mid Wifery Gezawa,overhead,1500000.00,27,KSBIR25-Q2-052100400500-OVE
2,2025-06-30,052100400600,School of Nursing Madobi,overhead,1500000.00,27,KSBIR25-Q2-052100400600-OVE
2,2025-06-30,052100400700,School of Post Basic Anesthesia,overhead,1500000.00,27,KSBIR25-Q2-052100400700-OVE
2,2025-06-30,052100400800,School of Basic Mid Wifery Gwarzo,overhead,1500000.00,27,KSBIR25-Q2-052100400800-OVE
2,2025-06-30,052100500100,Primary Health Care Mgt. Board (PHCMB),overhead,3000000.00,27,KSBIR25-Q2-052100500100-OVE
2,2025-06-30,052100500100,Primary Health Care Mgt. Board (PHCMB),personnel,109500183.08,23,KSBIR25-Q2-052100500100-PER
2,2025-06-30,052100600100,State Agency for Control of Aids,overhead,1500000.00,27,KSBIR25-Q2-052100600100-OVE
2,2025-06-30,052101000100,KANO STATE COLLEGE OF HEALTH SCIENCE & TECHNOLOGY HEAD QUARTER,overhead,900000.00,27,KSBIR25-Q2-052101000100-OVE
2,2025-06-30,052101100100,Private Health Institutions Management Agency,overhead,1500000.00,27,KSBIR25-Q2-052101100100-OVE
2,2025-06-30,052101300100,Drugs Management & Consumable Supply Agency (Drugs Management Agency),overhead,900000.00,27,KSBIR25-Q2-052101300100-OVE
2,2025-06-30,052103000100,School of Health Technology Bebeji,overhead,2400000.00,27,KSBIR25-Q2-052103000100-OVE
2,2025-06-30,052104000100,School Health Technology Kano,overhead,1500000.00,27,KSBIR25-Q2-052104000100-OVE
3,2025-09-30,052100100100,Ministry of Health,capital,3955985708.67,28,KSBIR25-Q3-052100100100-CAP
3,2025-09-30,052100100100,Ministry of Health,overhead,100000000.00,25,KSBIR25-Q3-052100100100-OVE
3,2025-09-30,052100100100,Ministry of Health,personnel,387040446.11,21,KSBIR25-Q3-052100100100-PER
3,2025-09-30,052100300100,H.M.B. ( HQ and Zones),overhead,101385000.00,25,KSBIR25-Q3-052100300100-OVE
3,2025-09-30,052100300100,H.M.B. ( HQ and Zones),personnel,5907569611.90,21,KSBIR25-Q3-052100300100-PER
3,2025-09-30,052100400100,College of Nursing & Mid-Wifery Board,overhead,3500000.00,25,KSBIR25-Q3-052100400100-OVE
3,2025-09-30,052100400300,School of Basic Mid Wifery Kano,overhead,3000000.00,25,KSBIR25-Q3-052100400300-OVE
3,2025-09-30,052100400400,School of Basic Mid Wifery Dambatta,overhead,1500000.00,25,KSBIR25-Q3-052100400400-OVE
3,2025-09-30,052100400500,School of Post Basic Mid Wifery Gezawa,overhead,1500000.00,25,KSBIR25-Q3-052100400500-OVE
3,2025-09-30,052100400600,School of Nursing Madobi,overhead,1500000.00,25,KSBIR25-Q3-052100400600-OVE
3,2025-09-30,052100400700,School of Post Basic Anesthesia,overhead,1500000.00,25,KSBIR25-Q3-052100400700-OVE
3,2025-09-30,052100400800,School of Basic Mid Wifery Gwarzo,overhead,1500000.00,25,KSBIR25-Q3-052100400800-OVE
3,2025-09-30,052100500100,Primary Health Care Mgt. Board (PHCMB),capital,950102672.38,28,KSBIR25-Q3-052100500100-CAP
3,2025-09-30,052100500100,Primary Health Care Mgt. Board (PHCMB),overhead,3000000.00,25,KSBIR25-Q3-052100500100-OVE
3,2025-09-30,052100500100,Primary Health Care Mgt. Board (PHCMB),personnel,92617899.35,21,KSBIR25-Q3-052100500100-PER
3,2025-09-30,052100600100,State Agency for Control of Aids,overhead,1500000.00,25,KSBIR25-Q3-052100600100-OVE
3,2025-09-30,052101000100,KANO STATE COLLEGE OF HEALTH SCIENCE & TECHNOLOGY HEAD QUARTER,overhead,900000.00,25,KSBIR25-Q3-052101000100-OVE
3,2025-09-30,052101100100,Private Health Institutions Management Agency,overhead,1500000.00,25,KSBIR25-Q3-052101100100-OVE
3,2025-09-30,052101300100,Drugs Management & Consumable Supply Agency (Drugs Management Agency),overhead,35000000.00,25,KSBIR25-Q3-052101300100-OVE
3,2025-09-30,052101400100,Kano State Centre For Disesase Control & Prevention -,overhead,4500000.00,25,KSBIR25-Q3-052101400100-OVE
3,2025-09-30,052103000100,School of Health Technology Bebeji,overhead,2400000.00,25,KSBIR25-Q3-052103000100-OVE
3,2025-09-30,052104000100,School Health Technology Kano,overhead,1500000.00,25,KSBIR25-Q3-052104000100-OVE
4,2025-12-31,052100100100,Ministry of Health,capital,14562929512.33,28,KSBIR25-Q4-052100100100-CAP
4,2025-12-31,052100100100,Ministry of Health,overhead,127849002.00,25,KSBIR25-Q4-052100100100-OVE
4,2025-12-31,052100100100,Ministry of Health,personnel,383562491.68,21,KSBIR25-Q4-052100100100-PER
4,2025-12-31,052100300100,H.M.B. ( HQ and Zones),capital,37644000.00,28,KSBIR25-Q4-052100300100-CAP
4,2025-12-31,052100300100,H.M.B. ( HQ and Zones),personnel,5705655484.76,21,KSBIR25-Q4-052100300100-PER
4,2025-12-31,052100400100,College of Nursing & Mid-Wifery Board,overhead,1000000.00,25,KSBIR25-Q4-052100400100-OVE
4,2025-12-31,052100500100,Primary Health Care Mgt. Board (PHCMB),capital,6899619162.53,28,KSBIR25-Q4-052100500100-CAP
4,2025-12-31,052100500100,Primary Health Care Mgt. Board (PHCMB),personnel,91928555.93,21,KSBIR25-Q4-052100500100-PER
4,2025-12-31,052100600100,State Agency for Control of Aids,capital,340587600.00,28,KSBIR25-Q4-052100600100-CAP
4,2025-12-31,052100800100,CONTRIBUTORY HEALTH MGT,capital,4355567000.00,28,KSBIR25-Q4-052100800100-CAP
4,2025-12-31,052100900100,KHETFUND,capital,2221416000.00,28,KSBIR25-Q4-052100900100-CAP
4,2025-12-31,052101300100,Drugs Management & Consumable Supply Agency (Drugs Management Agency),overhead,600000.00,25,KSBIR25-Q4-052101300100-OVE
